Symbol,Total Return,Annual Return (CAGR),Sharpe Ratio,Maximum Drawdown,Win Rate,Profit-Loss Ratio,Profit Factor,Calmar Ratio,Expected Value,Avg. PnL per Trade,Pareto Ratio,B&H Return,B&H CAGR,B&H Sharpe,B&H Max DD
SPY,2.1436737370130188,0.15077161732123945,1.0118017569200772,-0.3113697335858665,0.6,7.537449261808505,11.306173892712756,0.4842205296734826,21436.737370130188,21436.737370130188,0.4721646848618519,1.9025014166935477,0.13956467727255184,0.7757181201718277,-0.3371714239638769
VOO,2.158666771187929,0.1514431209032021,1.0023271443670134,-0.3126076808686069,0.6,7.580298913538251,11.370448370307377,0.4844510553368509,21586.667711879294,21586.667711879294,0.472243855185327,1.916580912981526,0.1402409864934664,0.776341837293684,-0.33992539939474975
VTI,2.2394813081310825,0.15501517137987597,1.034214241334216,-0.30548073019781785,0.6,7.815650672483107,11.72347600872466,0.5074466441123601,22394.813081310822,22394.813081310822,0.4557850951684989,1.7909861060829009,0.13410393058707948,0.7401955825206494,-0.3499936572370924
QQQ,4.116948330318738,0.22160124904475564,1.1732503298564454,-0.28549104571491435,0.8,6.550626612631662,26.20250645052665,0.7762108562453557,41169.48330318738,41169.48330318738,0.47148904617774695,3.051057522310611,0.1871126365761666,0.8400415340284749,-0.351200914982844
VUG,3.544691518956979,0.20396652973331886,1.1289049799381414,-0.3079790628956862,0.8,6.138395476799152,24.55358190719661,0.6622740124461096,35446.915189569794,35446.915189569794,0.5063321749996924,2.46682910483323,0.16466039557466283,0.7774332573834014,-0.3561363779329433
VTV,1.4824180476767883,0.11792917824581761,0.9315542281119867,-0.27801994384884154,0.75,6.218297900344445,18.654893701033334,0.42417524661444894,18530.225595959855,18530.225595959855,0.37154991504264895,1.3740159994562462,0.11182591298362476,0.6843335781881348,-0.36779628565958256
VB,2.3045000726714417,0.15783272270761395,0.9433557493959231,-0.26006852823356474,0.75,9.887950302125416,29.66385090637625,0.6068889756851551,28806.250908393024,28806.250908393024,0.36517301180831047,1.108395184718486,0.09576814698425462,0.5168083436764214,-0.420463271051958
VEA,1.5506140281855259,0.12164997292910096,0.9353842330726806,-0.2758255977237666,0.6,4.883968914082387,7.32595337112358,0.44103946092389434,15506.140281855256,15506.140281855256,0.470255269548713,0.9882694959529399,0.08791521537799563,0.5621508026795954,-0.3571428571428572
VWO,1.2349996294843106,0.10363061415106722,0.7504220904915321,-0.2705405351128982,0.6,4.185570202704023,6.278355304056034,0.38305022982164777,12349.996294843104,12349.996294843104,0.46488258988637565,0.5910365755258196,0.058588884415007536,0.388811003249063,-0.3638868019033309
XLF,0.41220797574156554,0.04322640925458976,0.3646116902115383,-0.4125358823065124,0.5,3.0410533278311975,3.0410533278311975,0.1047821804321805,5152.59969676957,5152.59969676957,1.1505896409766516,1.183966588108281,0.10050954762374231,0.5271387232967105,-0.42877646214567633
XLE,0.5990024802743907,0.059237286404295375,0.4506160201190769,-0.26299731465718434,0.5,4.840093873051567,4.840093873051567,0.22523913022272063,7487.5310034298855,7487.5310034298855,0.7458152027937263,1.1188431451071947,0.09643245574095971,0.45208213700192207,-0.6680911680911681
XLK,4.8377544802530865,0.24150031630634738,1.153401326381871,-0.3143896644433267,0.8,7.2746135980064475,29.09845439202579,0.768156029346446,48377.54480253087,48377.54480253087,0.43846222369871307,3.707248979771748,0.20916545057529223,0.8581400895464122,-0.33574766355140184
XLV,0.7673413836502871,0.07231685328025295,0.5736759886617111,-0.25130295706269534,0.75,3.5117020006276056,10.535106001882816,0.2877676177213118,9591.76729562859,9591.76729562859,0.5514794432869525,1.1532622471085898,0.09860076867787804,0.6287021817865901,-0.2840610205155182
XLI,0.8458131860686551,0.07804375438327504,0.6245624931500482,-0.38379796870559135,0.5,5.758948333584209,5.758948333584209,0.20334592870954418,10572.664825858188,10572.664825858188,0.6376356671941303,1.6563529072591914,0.12725003537202717,0.6719693156849569,-0.42341993020550606
VGT,5.02465764894372,0.24630660394882042,1.1787005407442264,-0.31944836990543846,0.8,7.6305193008062915,30.522077203225166,0.7710372853733168,50246.57648943719,50246.57648943719,0.45120811078933937,3.7436785669655945,0.21030890007042258,0.8596589207771513,-0.3507503801485333
SSO,7.863888031781546,0.30672751863874104,1.1307787191447074,-0.462795936654004,0.6,19.554934045742296,29.332401068613446,0.6627705525168797,78638.88031781546,78638.88031781546,0.4230192060974604,3.5695132922989554,0.20477083063956236,0.6786325473630804,-0.5932721712538227
TQQQ,6.353956300261017,0.2771480461776923,0.7083728297136571,-0.815741435336955,0.5,79.87852942402846,79.87852942402846,0.33974986947084757,158848.90750652546,158848.90750652546,1.0126777211403661,8.007202886016355,0.3092997237937902,0.7407439366222441,-0.8157441574415745
QLD,6.570354501014941,0.2816973759867907,0.779935859480619,-0.6368253069936789,1.0,inf,inf,0.4423463905927765,328517.72505074705,328517.72505074705,1.0,6.279863818035477,0.2755633871067569,0.7516095718410342,-0.6368202664337191
SPXL,5.1988150144766365,0.25066879298496825,0.7082963348343699,-0.6380263340367479,0.5,30.08422135421632,30.08422135421632,0.3928815780988292,129970.3753619159,129970.3753619159,1.0343829043184967,4.210168938724949,0.2243083151950065,0.6462634362836752,-0.7686097427476738
SOXL,6.504327584842554,0.2803215232685996,0.7123913043842385,-0.8788192235036111,0.25,90.61417244314461,30.20472414771487,0.3189751837141598,81304.09481053191,81304.09481053191,1.0342410356263627,5.869646212684816,0.2665248647118934,0.7531208856379168,-0.9045736871823828
TNA,0.5288967988201327,0.05343074683349647,0.3233652012258591,-0.5667778575654034,0.16666666666666666,12.55016175645339,2.510032351290678,0.09427105544138308,4407.473323501106,4407.473323501106,1.6622374673928444,-0.19348254672124066,-0.02601957822944423,0.33599767536891617,-0.8808385835324788
IWR,1.979219825246071,0.14321555713231282,0.964121482360169,-0.29430304238348437,0.75,8.5238066596562,25.571419978968603,0.4866261523239685,24740.247815575884,24740.247815575884,0.3694272375960536,1.2175562661158978,0.10257091582736,0.5765179075613004,-0.40597539543058003
SCHG,3.6195623271050126,0.20638098197458454,1.1326795715947369,-0.3137171152094054,0.6,15.49422506483971,23.241337597259566,0.657856941712682,36195.62327105013,36195.62327105013,0.5274802314424154,2.6465648914727216,0.1719004173029739,0.7996876419486181,-0.3457394711067582
IWF,3.3448136952058976,0.19734555755421423,1.1237130963861512,-0.3036992150285278,0.6,13.542514565498626,20.313771848247942,0.6498059520360522,33448.13695205898,33448.13695205898,0.5033500208945902,2.5485046297359095,0.16799026082267488,0.8019764371505005,-0.32721672021463355
MTUM,2.169558836418721,0.1519291999222323,0.9190682753668863,-0.3160799058753946,0.75,9.868473939792526,29.60542181937758,0.4806670626576497,27119.485455234008,27119.485455234008,0.43492813334249064,1.691735202220646,0.1290802852877173,0.6559777013381368,-0.3408736349453978
VYM,1.3773802553333527,0.1120189703428367,0.893584581902609,-0.2675889676161922,0.75,5.51146428184149,16.53439284552447,0.4186232763658163,17217.25319166691,17217.25319166691,0.3923073553376537,1.3051421941307173,0.10781987602743892,0.6719858344081943,-0.3520324173736862
SCHD,1.411451752914466,0.11396076845946146,0.8145153421760216,-0.2937573819355497,0.75,5.1467708608027145,15.440312582408144,0.38794180322748256,17643.146911430824,17643.146911430824,0.43326504945449545,1.4172204819880325,0.1142871534355887,0.6911534189216288,-0.3335423197492162
NOBL,1.0642266942002139,0.09292748927404415,0.7021939422248982,-0.2901115785515632,0.75,4.280283793200205,12.840851379600615,0.3203163752994698,13302.833677502673,13302.833677502673,0.48972686613625765,1.1064000356145396,0.09564096183532822,0.6032682358355267,-0.3543588217792324
